{
	"route__net": 346,
	"route__net__special": 2,
	"route__drc_errors__iter:1": 425,
	"route__wirelength__iter:1": 53113,
	"route__drc_errors__iter:2": 209,
	"route__wirelength__iter:2": 53058,
	"route__drc_errors__iter:3": 165,
	"route__wirelength__iter:3": 52980,
	"route__drc_errors__iter:4": 19,
	"route__wirelength__iter:4": 53190,
	"route__drc_errors__iter:5": 0,
	"route__wirelength__iter:5": 53223,
	"route__drc_errors": 0,
	"route__wirelength": 53223,
	"route__vias": 4042,
	"route__vias__singlecut": 4042,
	"route__vias__multicut": 0,
	"design__io": 29,
	"design__die__area": 25000,
	"design__core__area": 18182.4,
	"design__instance__count": 627,
	"design__instance__area": 4000.09,
	"design__instance__count__stdcell": 627,
	"design__instance__area__stdcell": 4000.09,
	"design__instance__count__macros": 0,
	"design__instance__area__macros": 0,
	"design__instance__utilization": 0.219997,
	"design__instance__utilization__stdcell": 0.219997,
	"flow__warnings__count": 12,
	"flow__errors__count": 0
}